"Carimbo de data/hora","Título","Categoria"
"2022/03/17 11:18:48 PM GMT-3","Matrix","Romance;Ação;Drama"
"2022/03/17 11:19:03 PM GMT-3","Matrix Reloaded","Ação"
"2022/03/18 10:14:16 AM GMT-3","titanic","Romance"
"2022/03/18 10:14:19 AM GMT-3","Gênio indomável","Drama"
"2022/03/18 10:14:19 AM GMT-3","A Vila","Terror"
"2022/03/18 10:14:27 AM GMT-3","Stuart Little","Comédia"
"2022/03/18 10:14:44 AM GMT-3","8 mulheres e um segredo ","Comédia;Romance;Ação"
"2022/03/18 10:14:54 AM GMT-3","Heptalogia Harry Potter","Ação"
"2022/03/18 10:14:56 AM GMT-3","your name","Romance;Animação;Drama"
"2022/03/18 10:14:58 AM GMT-3","trilogia: antes do por do sol, antes da meia noite e antes do amanhecer.","Romance;Drama"
"2022/03/18 10:15:01 AM GMT-3","Orgulho & Preconceito","Romance;Drama"
"2022/03/18 10:15:04 AM GMT-3","capitão fantástico ","Drama"
"2022/03/18 10:15:09 AM GMT-3","Trilogia Senhor dos Anéis","Ação"
"2022/03/18 10:15:12 AM GMT-3","No coração do mar","Ação"
"2022/03/18 10:15:22 AM GMT-3","Matrix 2 Reloaded","Comédia;Ação"
"2022/03/18 10:15:24 AM GMT-3","Rei Leão ","Animação"
"2022/03/18 10:15:30 AM GMT-3","TENET","Ação"
"2022/03/18 10:15:36 AM GMT-3","Naruto ","Animação"
"2022/03/18 10:15:40 AM GMT-3","As Branquelas","Comédia"
"2022/03/18 10:15:40 AM GMT-3","Onde está segunda","Ação"
"2022/03/18 10:15:46 AM GMT-3","Viva - A vida é uma festa","Animação"
"2022/03/18 10:15:50 AM GMT-3","Central do Brasil","Drama"
"2022/03/18 10:15:54 AM GMT-3","A Origem","Ação"
"2022/03/18 10:16:03 AM GMT-3","Aladdin","Animação"
"2022/03/18 10:16:05 AM GMT-3","saga crepusculo, divergente, como eu era antes de voce e ratatouille","Romance;Ação;Animação;Drama"
"2022/03/18 10:16:05 AM GMT-3","John Wick","Ação"
"2022/03/18 10:16:06 AM GMT-3","into the wild","Drama"
"2022/03/18 10:16:14 AM GMT-3","Midsommar","Terror"
"2022/03/18 10:16:19 AM GMT-3","Rei Leão","Animação"
"2022/03/18 10:16:24 AM GMT-3","Sonho de liberdade","Drama"
"2022/03/18 10:16:25 AM GMT-3","Homecoming","Ação"
"2022/03/18 10:16:25 AM GMT-3","Diario de um banana","Comédia"
"2022/03/18 10:16:26 AM GMT-3","Simplesmente acontece","Drama"
"2022/03/18 10:16:27 AM GMT-3","Kuroko's Basketball","Animação"
"2022/03/18 10:16:33 AM GMT-3","Interestelar","Ação"
"2022/03/18 10:16:38 AM GMT-3","Um corpo que cai","Drama"
"2022/03/18 10:16:42 AM GMT-3","velozes e furiosos","Comédia;Ação"
"2022/03/18 10:16:45 AM GMT-3","Coach Carter Um técnico para a vida","Drama"
"2022/03/18 10:16:47 AM GMT-3","Red crescer e uma fera","Animação"
"2022/03/18 10:16:49 AM GMT-3","toy story 4","Animação"